Name,Car Spaces,Bedrooms,Bathrooms,Floor area (m2),Land Size(m2),Waterfront,Location,Price
"Bungalow House & Lot for sale in Lapu-Lapu City, Cebu",2,2,3,150,173,1,Lapu-Lapu,3800000
Ready for occupancy single detached Beach house,1,3,2,80,291,1,Argao,7078000
"Two Storey House Villa with Pool - Camotes Islands, Cebu",5,3,2,385.4,1500,1,Camotes Island,11900000
A Luxury 5-Bedroom Resort-Style Home,4,5,5,360,462,0,Lapu-Lapu,52000000
"Townhouse for Sale in Banilad, Mandaue City",1,4,3,103,60,0,Mandaue,10500000
4-Storey House with 12 Bedrooms Capitol Site Cebu PH at P7.5M,,12,10,270,61,0,Cebu,7500000
Ready for Occupancy Two Storey Duplex at Tolotolo Consolation Cebu,,3,2,56,67,1,Consolacion,4194000
Bungalow House and Lot for Sale in Cebu City,1,2,1,70,537,0,Cebu,8500000
Ready for occupancy along the highway at Bogo cebu inhouse financing,,2,1,50,40,0,Bogo,1400000
"3BR Cliff Villa with Infinity Pool & Private Beach in Oslob, Cebu, Philippines",2,3,2,250,2779,1,Oslob,32000000
2 Bedroom RFO in Talamban for sale,1,2,2,67,78,0,Cebu,4300000
"Bungalow House in a Quiet Neighborhood - Camotes Island, Cebu",,2,2,36,540,0,Camotes Island,1495000
"American Inspired Beachfront House, Esperanza, Poro",,3,2,137.02,1958,0,Camotes Island,12400000
"Elegant and Spacious Home in Corona Del Mar, Talisay City Cebu",1,4,4,300,368,0,Talisay,27000000
"Resort for sale on the beautiful location in Camotes Islands, Cebu",,7,5,393,10000,0,Camotes Island,30000000
"For Sale Duplex Attached House and Lot in La Almirah Crest, Lilo-an, Cebu",0,2,1,100,37.5,0,Liloan,2690590
"Luxury House with Three Cottage, Pool, Jacuzzi & Private Beach - Camotes Islands",3,6,6,517,6166,1,Camotes Island,30000000
Brand New House and Lot 4 bedrooms in South hills Subdivision,2,4,4,390,150,0,Cebu,19500000
"Beach House in Daanlungsod, Medellin, Cebu",,3,2,,247,0,Medellin,8200000
Beach House for Sale - Esperanza,,9,4,115.46,749,0,Camotes Island,7300000
"Tropical Native House with Big Garden in Camotes Islands, Cebu",,2,1,162,2577,0,Camotes Island,8000000
"Two Houses with White Sand Beach in Camotes Islands, Cebu",,4,4,210.48,3000,0,Camotes Island,18000000
"Two Houses for the Price of One ?One house for your home, one for business",,6,3,136,1129,0,Camotes Island,4900000
Single detached House and Lot,1,4,2,144,,1,Lapu-Lapu,8500000
"Cupid’s Cabin Resort For Sale – Camotes Island, Cebu",,15,13,572.09,1000,0,Camotes Island,29500000
Ready for Occupancy Brand New House in Talamban,1,3,3,89,87,0,Cebu,4850000
"Ready For Occupancy Townhouse Unit in Talisay City, Cebu",1,3,2,51,98,0,Talisay,5757600
"ouse and Lot with 3 Bedrooms in Mandaue City, Cebu",,3,3,130,75,0,Mandaue,5500000
House and Lot in Banawa Cebu City,1,3,3,300,220,0,Cebu,14000000
2 bedroom- Single detached houses and lot- overlooking Sea/ mountain views,1,2,1,45,120,1,Compostela,4000000
"1 Bedroom Townhouse in Agus, Lapu-Lapu City",1,1,1,54,35,0,Lapu-Lapu,1500000
"Elegant House and Lot in Amara Liloan, Cebu",2,4,5,656.5,419,0,Liloan,52000000
Overlooking House and Lot in Talisay City,4,7,5,600,300,1,Talisay,25000000
"3 Bedroom, 2 Storey Semi Furnished House and Lot for Sale in Forest Hills",1,3,3,89,53,0,Cebu,6000000
Briella (RFO) 2 storey single detached with balcony for Sale in Minglanilla,2,5,4,210,180,0,Minglanilla,9133966
"House and Lot in Corona del Mar Sub Talisay City, Cebu",2,3,5,350,196,1,Talisay,13500000
"2 Storey Single Detached House and Lot with Balcony for Sale in Minglanilla,Cebu",2,4,2,87,180,0,Minglanilla,7077429
Php23M Brandnew 5 Bedroom House Direct Sale from Owner Kishanta Subdivision,4,5,6,380,300,1,Talisay,23000000
Rush for Sale Almiya House and Lot!,1,3,2,83,231,1,Mandaue,6800000
"10-Bedroom House and Lot for Sale, Cebu City",,10,10,527,267,0,Cebu,20000000
Bungalow 2 BR House and Lot For Sale,1,2,1,85,94,0,Minglanilla,3200000
Ready for Occupancy Townhouse Unit for Sale Near Mactan Airport,1,2,2,40,75,0,Lapu-Lapu,4100000
For Only 19-20T a Month in Pag Ibig Own this House and Lot In Consolation Cebu,1,3,2,65,77,0,Consolacion,3504964
"Beach House King3 With 80sqm. @ 3.6 Mio Inside King Arthur's Place Resort, Alcoy",1,2,1,80,120,0,Alcoy,3600000
"Beach House Opensun 13 For Sale Seashore Tingko White Beach, Cebu Philippines",,1,1,45,100,0,Alcoy,3000000
Two (2) Bedroom Townhouse for Sale in Lapulapu City with complete Amenities,1,2,1,40,54,1,Lapu-Lapu,2395000
Newly Renovated Townhouse For Sale in Lahug Cebu City (Code 5),1,4,3,140,112,0,Cebu,10500000
"Beautiful exclusive pocket subdivision in Poblacion, Lilo-An, Cebu",1,3,2,61,59,0,Liloan,4200000
Ready to Move-in House with 4 car garage for Sale Within Cebu City,4,5,5,328,200.5,0,Cebu,15800000
4 Bedroom Townhouse For Sale Located in Talamban (Code 4),1,4,3,95,53,0,Cebu,5480000
2 Storey Side Attached House in Talisay City Cebu in an Elegant Subdivision,,3,2,68,70,0,Talisay,4430000
"Two (2) Storey Townhouse for Sale in Beverly Place Mactan, Agus, Lapu-lapu City",1,3,2,54.49,60,0,Lapu-Lapu,3500000
"Beach House Calypso, 40m From White Beach Pasol Alcoy Philippines",1,1,1,70,200,1,Alcoy,3800000
"2- Storey House with Car Garage for Sale in Liloan, Cebu",1,3,2,56,40,0,Liloan,2920000
"House for sale at Tres de Abril St., Punta Princesa, Cebu City",4,5,5,328,200,0,Cebu,22850000
House For Sale in Cebu City,6,8,7,800,2000,1,Cebu,55000000
Spacious house and lot for sale single detached in talamban cebu city,2,4,3,146,141,0,Cebu,9870200
4Br House and Lot For Sale in Banawa Cebu City,2,4,3,148,112,1,Cebu,16344000
Fortune House (Single Detached House) For Sale,,5,5,268.5,200.5,0,Cebu,22850000
5Br Ready For Occupancy House and Lot For Sale in Lapu Lapu City Cebu,3,5,4,350,172,1,Lapu-lapu,18000000
Residential lot w/ spacious bungalow house for Sale in banilad,8,5,5,300,1035,0,Cebu,65000000
"3BR House and Lot for Sale in Banawa, Cebu City",2,3,3,180,110,0,Cebu,
"House and Lot in Mohon, Talisay City, Cebu",,3,2,105,102,0,Talisay,6958000
3 Bedroom Townhouse in Pristina North Talamban,,3,3,126,124,1,Cebu,13225000
Exclusive/Luxury Fully Furnished House & Lot in 1st Class Subdivision,2,6,4,270,300,1,Consolacion,22500000
Overlooking House And Lot In Bogo City,,2,1,50,40,0,Bogo,1417030
5 Bedrooms House and Lot For Sale in Punta Princesa Cebu City,4,5,5,328,200,0,Cebu,24850000
3 Bedrooms House and Lot For Sale in Bayswater Talisay City Cebu,2,3,2,95,154,1,Talisay,9137012
Overlooking 4 Bedrooms House and Lot For Sale in Talisay City Cebu,2,4,3,89,88,0,Talisay,6393000
Fully Furnished Cebu House and Lot for Sale,,5,5,272,361,1,Talisay,21000000
Ready For Occupancy House and Lot For Sale in Liloan Cebu,1,4,2,70,100,1,Liloan,3683928
Brandnew 5 Bedroom Townhouse for sale ready to move in,2,5,3,88,100,0,Liloan,4950000
"4 Bedroom Brand New House in Tayud, Liloan Cebu",,4,3,181,90,1,Liloan,6500000
6Br House and Lot With Swimming pool For Sale in Lapu Lapu City Cebu,2,6,7,420,485,1,Lapu-lapu,30000000
5 Bedrooms House and Lot for Sale in Bankal Lapu Lapu City Cebu,4,5,5,260,450,0,Lapu-lapu,14000000
4 Bedrooms House and Lot For Sale in Looc Lapu Lapu City Cebu,2,4,3,173,144,1,Lapu-lapu,8543145
5Br Single Detached House and Lot For Sale in Lapu Lapu City Cebu,2,5,4,170,123,0,Lapu-lapu,9822000
Beautiful Single House in Villas Magallanes Mactan,2,5,3.5,150,180,0,Lapu-lapu,8500000
"3 storey house for sale at Tawason, Mandaue, Cebu",,5,3,112,150,1,Mandaue,12000000
RFO Single detached house for sale Canduman Mandaue near Ateneo De Cebu,,4,3,89,120,0,Mandaue,7483726
House and Lot For Sale in Pardo Cebu City near Pardo Public Market,2,4,3,250,404,0,Cebu,15000000
Spacious 4BR House and Lot For Sale in Liloan Cebu,1,4,3,108,100,1,Liloan,5145487
2 Bedroom House and lot for sale in Lapu-lapu City,,2,2,62.2,60,1,Lapu-lapu,3620400
"House and Lot for Sale in Maryville Subdivision, Cebu City",1,4,4,185,260,0,Cebu,15000000
"Townhouse with 2 Bedrooms, 2 T&B and Fully Furnished",,2,2,60,40,0,Lapu-lapu,2200000
House & lot for sale in Lapu-Lapu,,4,2,120,100,0,Lapu-lapu,3500000
"House for sale at Tres de Abril St., Punta Princesa, Cebu City",4,5,5,328,200.5,0,Cebu,22850000
3 beedroom for sale in tayud CONSOLACION cebu,,3,3,93,135,1,Consolacion,7450500
"3 br, rfo-single detached house w/2 t&b & carport/location: guinsay, danao city",1,3,2,77,80,0,Danao,
semi-furnished mecosolar powered house & lot for sale,,3,4,180,440,0,Lapu-lapu,10000000
2-Storey DUPLEX HOUSE Aand Lot in Consolacion near to soon Metro Cebu Expressway,,3,2,77,65,1,Consolacion,4193076
3 Bedrooms/2- T& B/Single Attached House,,3,2,68,75,0,Naga,
"3BR Modern House for Sale in Talamban, Cebu City",2,3,2,204,200,0,Cebu,17200000
Overlooking 5 Bedroom House for Sale in Maria Luisa Estate Park,6,5,5,550,739,1,Cebu,80000000
Affordable Ready for Occupancy Single Attached Two Storey 4 BR House & Lot Cebu!,2,4,3,184,154,0,Consolacion,11000000
Ready to move in 4 bedroom Duplex house,,4,2,71,110,1,Liloan,3987000
3BR Ready For Occupancy House and Lot For Sale in Liloan Cebu,1,3,2,54,75,1,Liloan,3823389
Ready for Occupancy House and Lot in Consolacion,,5,4,135,160,1,Consolacion,8000000
3BR Duplex House & Lot For Sale in Liloan Cebu,1,3,2,91,80,1,Liloan,4364216
Single detached house and lot in cordova,,2,1,40,186,1,Cordova,4500000
RFO Fully Furnished Single Detached House and Lot For Sale in Consolacion Cebu,2,4,3,85,141,1,Consolacion,7959105
House and Lot Single Detached For Sale in Consolacion Cebu,1,4,3,93,140,1,Consolacion,6192500
Spacious 5br House and Lot for Sale in Consolacion Cebu,3,5,3,135,175,1,Consolacion,8537500
HOUSE AND LOT FOR SALE Cebu!!! (Titled House & Lot),4,3,3,184,,0,Consolacion,6500000
Ajoya Shophouse for Sale Corvoca Lapu-Lapu City,,4,3,120,75,1,Lapu-lapu,7200000
3 Bedroom Townhouse in Fabro Hills,1,3,2,117,100,0,Lapu-lapu,6210000
"House and Lot in Bangkal, Lapulapu City, Cebu",1,3,2,155,146,0,Lapu-lapu,7500000
"House and Lot for Sale in Maryville Subdivision, Cebu City",1,4,4,185,250,,Cebu,15000000
Ready For Occupancy House and Lot in Maria Luisa Cebu,2,4,,384,322,,Cebu,38000000
2 Storey House and Lot with Complete Amenities,,2,1,54,40,,Cebu,2823000
Fully Furnished House & Lot for Sale,1,2,1,57,54,,Cebu,2100000
"2BR, Fully Furnished Townhouse - CKL Homes, Lapu-Lapu - near Gaisano Grandmall",,2,1,40,60,,Lapu-Lapu,2500000
"House and Lot in Basak, Lapulapu, Cebu City",2,4,2,150,250,,Cebu,7500000
4BR Almost RFO Detached House in Yati Liloan Cebu,2,4,3,120,122,,Cebu,6500000
7Br Mountain & City View House and Lot For Sale in Guadalupe Cebu City,2,7,7,600,431,,Cebu,35000000
4BR Single Detached House and Lot For Sale in Minglanilla Cebu,2,4,3,89,120,,Minglanilla,8697800
Affordable House and Lot for Sale in Basak Lapu Lapu City Cebu,1,2,1,54,40,,Lapu-Lapu,2395000
For Sale House and Lot In Marigondon Lapu lapu near Beaches,,3,1,48,50,,Lapu-Lapu,2723800
"Affordable townhomes in lapulapu near hiways,beaches and 3rd bridge soon",,3,2,61,60,,Lapu-Lapu,3728200
Briella (RFO) 2 storey single detached with balcony for Sale in Minglanilla,2,5,4,210,180,,Minglanilla,9133966
"Ready for Occupancy House near South Road Properties, a block only from Highway",,2,3,78,52,,Cebu,5507600
Cheapest 4 bedroom house in Liloan near Liloan Golf and Leisure Estates,1,4,2,70.7,160,,Liloan,5931000
For Sale House and Lot in Mandaue,2,4,3,123,123,,Mandaue,8200000
"Brand New House and Lot for Sale in Molave Highlands, Consolacion",2,3,3,183.4,154,,Consolacion,11800000
"4BR Corner-Unit Shophouse for Assume in Ajoya Cordova, Mactan, Cebu",1,4,4,102,124,,Lapu-Lapu,6600000
Rent to Own Duplex House for sale in Cebu - Eastland Estate Liloan,1,3,2,63,74,,Liloan,4748160
"4 Bedroom Spacious house and Lot with Overlooking View in Compostela, Cebu",,4,3,156,150,,Compostela,9745235
Single House with Seaview in Cebu - Crown Heights Subdivision,,4,3,157,150,,Compostela,8861438
"RFO 2 STOREY TOWNHOUSE WITH 3 BEDROOMS AND 2 T&B/Loc: Poblacion, Liloan",1,3,2,60.45,58.8,,Liloan,
3 Bedrooms Single Detached House and Lot for Sale along Hi way Toledo Cebu,,3,2,57,80,,Toledo,2063173
"Affordable Low cost Housing In De lapaz Bogo City, Cebu",,,1,50,40,,Bogo,1363500
"2 BR-RFO TOWNHOUSE WITH 2 T&B AND 1 CARPORT/location: Ward 1, Minglanilla, Cebu",1,2,2,65,40,,Minglanilla,
Affordable Pre-Owned House & Lot w/ Free Car & Appliances at Tabok Mandaue Cebu,2,4,3,200,110,,Mandaue,12000000
3br Ready for Occupancy House and Lot for Sale in Mandaue City Cebu,1,3,2,63,70,,Mandaue,5253960
Ready for Occupancy Overlooking House in Tawason Mandaue,2,4,3,123,121,,Mandaue,8200000
Furnished 3 Bedroom House for Sale near Cebu International School,1,3,3,200,140,,Mandaue,18000000
RFO House and Lot For Sale in Ma. Luisa Estate Park Banilad Cebu City,,4,4,462,337,,Cebu,45000000
4br House and Lot for Sale in Talisay City Cebu,1,4,3,123,92,,Talisay,7353480
5Br Spacious House and Lot For Sale in Banawa Cebu City,2,5,4,320,385,,Cebu,35570000
4Br House and Lot For Sale in Banawa Cebu City,2,4,4,114,75,,Cebu,8652000
nice family house for sale in subdivision guadalupe cebu city,1,3,3,135,150,,Cebu,13000000
Modern 4 Bedroom House for Sale in Maria Luisa Park,,4,4,500,814,1,Cebu,120000000
"House and Lot for Sale in (Single Detached), Banawa, Cebu City",2,3,3,280,307,,Cebu,28300000
"House for Sale in South Hills, Cebu",,4,5,390,400,,Cebu,19000000
Premium 3 Bedroom House and Lot in a Master Planned Subdivision for Sale,2,3,2,204,200,,Cebu,17200000
"Brand new, ready for occupancy house in Talamban",2,4,3,136,103,,Cebu,8800000
Rush Sale! 5-bedroom House and Lot Situated in a Safe& Secured Subd. Banawa,,5,5,200,,,Cebu,18000000
Talisay city cebu 5 bedrooms single detached house and lot for sale bayswater,1,5,4,191,172,,Talisay,13319013
5Br House and Lot For Sale in Banawa Cebu City,2,5,4,320,385,,Cebu,35570000
Brand New 4 Bedroom House for Sale in Maryville Subdivision,2,4,2,300,250,,Cebu,15000000
338sm Semi-Commercial Property in Katipunan/Tres Labangaon,,18,5,300,338,,Cebu,18000000
Furnished 3 Bedroom House for Sale near Cebu International School,1,3,3,200,140,,Cebu,18000000
5Br House and Lot For Sale in Vista Grande Talisay City Cebu,2,5,4,245,170,,Talisay,14000000
"Single Detached 4 Bedroom House in ToloTolo, Consolacion",2,4,3,95,168,,Consolacion,11000000
"Ready for Occupancy Furnished single detached house and lot for sale in Talisay City, Cebu",1,4,3,127,154,,Talisay,9000000
2 Storey Duplex House with 6 Bedrooms inside The Subd. in Talisay P15M,1,6,6,250,227,,Talisay,15000000
"2 BR-RFO TOWNHOUSE WITH 2 T&B AND 1 CARPORT/location: Ward 1, Minglanilla, Cebu",1,2,2,65,40,,Minglanilla,3500000
Furnished Townhouse for Sale in Lahug with rent income,,3,2,188,100,0,Cebu,7300000
"Modern asian tropical house near malls, hospital and public market",7,5,5,350,294,0,Consolacion,5000000
"4 Bedroom with toilet and bath, 1 maids quarter with own bathroom",,4,4,361,374,0,Cebu,35000000
4BR House and Lot For Sale Single Detached in Lapu Lapu City Cebu,2,4,3,116,213,0,Lapu-Lapu,7995070
"3 bedrooms and 2 baths, two Storey Townhouse",,3,2,72,,0,Lapu-Lapu,1500000
4 Bedroom Brand new house and lot for sale in Talamban Cebu City,2,4,4,180,120,0,Talamban,8900000
"Brand New, RFO, Modern Design, High End, House and Lot For Sale at Consolacion Cebu Philippines",1,5,5,263,184,0,Consolacion,14000000
5Br Duplex House and Lot For Sale With Roof Terrace in Talamban Cebu City,2,5,4,135,81,0,Talamban,7299999
"House and Lot for Sale in Lapu-lapu City, Cebu (Fully Furnished)",,3,2,155,146,0,Lapu-Lapu,5700000
RICHWOOD HOMES TOWNHOUSE FOR SALE IN CEBU,,2,1,40,,0,Compostela,1275000
"Single detached House and Lot for sale in Sto.Niño Village, Banilad, Cebu City",2,5,5,320,250,0,Mandaue,25000000
3 Bedroom Townhouse in Greenplains Banilad,2,3,4,180,75,0,Mandaue,10500000
"House and Lot For Sale at Borbon, Cebu",2,2,1,100,1756,0,Borbon,3850000
House For Sale in Bantayan Island,,2,3,150,214,0,Bantayan,3000000
"1,450sqm House and Lot with Bar for Sale - Santander, Cebu, Philippines",3,4,2,1450,1450,0,Santander,8500000
2 Bedroom House And Lot For Sale in Lapu-Lapu City,,2,1,45,40,0,Lapu-Lapu,1740900
"House and Lot For Sale at Compostela, Cebu",1,2,2,111,,0,Compostela,3000000
Affordable Single House for Sale in Cebu - Anami Homes North,1,3,3,87,77,0,Consolacion,4400940
4BR Single Detached House and Lot For Sale in Talamban Cebu City,1,4,3,120,100,0,Talamban,7195550
Overlooking City-View And Multi-Level Elegant House For Sale In Buena Hills,5,6,6,865,530,0,Cebu,26500000
3112 Square meters Beach front Property In Matutinao Badian for sale,,1,1,50,3112,0,Badian,25000000
3 Bedroom Ready for Occupancy (RFO) Beach House in Argao City Cebu,,3,2,94,251,0,Argao,7078000
"House and lot for sale in Minglanilla, Cebu",1,2,1,46,58,0,Talisay,2700000
Rush House and Lot for Sale 3 Bedrooms with 2 toilet and bath,1,3,2,200,226,0,Minglanilla,3000000
"House and Lot, fully furnished, 2 bedroom for sale",1,2,1,72,122,0,Lapu-Lapu,3800000
"Happy Homes Subdivision Townhouse at Lapu-Lapu, Cebu",,3,2,66,40,0,Lapu-Lapu,1700000
2 Bedroom Beachfront Townhouse for sale in Argao Royal Palms,,2,2,86,90,0,Argao,4661000
2 Storey Townhouse In Minglanilla,,2,1,50,40,0,Minglanilla,1800000
Fully Furnished Villa inside Maria Luisa Subdivision,4,6,5,280,322,1,Banilad,38000000
Overlooking House and Lot for Sale in Talamban Cebu City,5,6,6,865,530,0,Guadalupe,26500000
4Br Spacious House and Lot For Sale in Lapu Lapu City Cebu,2,4,4,160,150,0,Lapu-Lapu,9000000
"Brand New House and Lot in Consolacion, Cebu near SM Consolacion and Cojordan",,2,2,100,50,0,Consolacion,2700000
"Two Storey House Villa with Pool - Camotes Islands, Cebu",,3,2,385.4,1500,1,Camotes,11900000
"3-Storey House with Swimming Pool Overlooking Cebu City, w/ sea view in Talamban",,6,4,700,300,0,Talamban,25000000
Fully furnished and well-ventilated house and lot in a subdivision in Liloan.,2,5,4,252,240,0,Liloan,7500000
Brand New House and Lot for Sale in Canduman Mandaue City,,4,3,114,84,0,Mandaue,6050000
Happy Homes Subdivision - Talisay,1,3,2,88,50,0,Talisay,3500000
4 Bedroom House for Sale in Maria Luisa Park,4,4,4,400,450,0,Banilad,52000000
Rush Sale 5 Bedroom Single Detached House Located in Guadalupe,,5,3,211,182,0,Guadalupe,18000000
For Sale 4 Bedroom House with 2 Garage,,4,3,160,120,0,Cebu,10500000
Affordable house and lot for sale with high end amenities in langtad naga cebu,1,2,2,46,48,0,Naga,1647734
3 Bedroom House and lot for sale in Maguikay Mandaue,,3,3,174,107,0,Mandaue,
"8-Bedroom in a 2-Storey House in Guadalupe, Cebu City with more car parking",2,8,6,280,528,0,Guadalupe,32000000
4 BR Furnished Townhouse for sale in Apas Lahug Cebu City,2,4,4,188,100,0,Lahug,7800000
Ready for Occupancy New Vizkaya Zen Single Detached Corner DP1.8M Inhouse,,2,2,66,118,0,Minglanilla,5000000
4BR Modern Zen house and lot Cabancalan Mandaue City,2,4,3,340,198,0,Mandaue,18000000
"RFO Duplex house for sale Park Place Subdivision, Lapu-Lapu, Cebu",,3,2,100,86,0,Lapu-Lapu,2500000
"10-Bedroom House and Lot for Sale, Cebu City",,10,10,527,267,0,Cebu,20000000
2 Bedroom RFO Townhouse in Cebu City,1,2,2,88,44,0,Talamban,3700000
For Sale Affordable House and Lot in DECA Homes Jagobiao Mandaue City.,2,3,2,60,125,0,Mandaue,3600000
3 Bedroom Brand New house and lot For Sale in Talamban Cebu City,,3,3,184,120,0,Cebu,7300000
"Beach house for sale at Guinsay, Danao, Cebu",1,4,3,155,287,0,Danao,7491505
"Carcar House and Lot - 4 bedroom family home, very secure premises",2,4,3,240,450,0,Carcar,4500000
3year old Beach house Catmon Cebu with private sea pool,,6,5,500,740,0,Catmon,22000000
"rush sale Rest house with 2 balconies, rooftop and chapel",,3,4,208,183,0,Carcar,4000000
Rent to Own talamban bungalow house for sale Talamban Cebu City,,4,4,140,300,0,Cebu,9000000
2724sq.m House and Lot for Sale,1,4,2,142,2724,0,Medellin,5300000
"1 Bedroom Townhouse in Agus, Lapu-Lapu City",,1,1,54,35,0,Lapu-Lapu,1500000
Brand New 5 Bedroom House for Sale in Maria Luisa Park Phase 1,,5,5,659,498,0,Mandaue,78000000
"House and Lot for Sale in Cebu City, Gated in Lahug close to JY Square",2,5,3,145,101,0,Cebu,8000000
"RFO House and Lot for Sale in Lapu-Lapu City, Cebu, Philippines",,3,2,160.96,150,0,Lapu-Lapu,8500000
Guadalajara guadalupe house and lot fully furnished,2,3,3,120,106,0,"Guadalupe, Cebu",8800000
5 Bedrooms House and Lot For Sale in Guadalupe Cebu City,3,5,3,155,238,0,"Guadalupe, Cebu",12500000
2-Storey Townhouse For Assumption,1,3,1,40,55,0,Lapu-Lapu,1550000
"Beautiful exclusive pocket subdivision in Poblacion, Lilo-An, Cebu",1,3,2,61,59,0,Cebu,4200000
Liloan Single Attached House For Sale,1,4,2,70.7,160,1,Liloan,5831210
Fabulous House with Designer Furniture in Maria Luisa Park,8,14,141,2100,1030,1,Cebu,200000000
House and Lot in Lahug near Marco Polo,2,6,3,420,450,1,Cebu,25000000
House For Sale in AMARA Liloan - Cebu Philippines,,5,4,933,659,0,Liloan,45000000
Modern fully furnished bunglow in heart of Cebu,1,5,5,631,154,0,Cebu,14500000
"House for Sale in Casuntingan, Mandaue Cebu",2,4,3,160,100,0,Mandaue,7000000
3 Bedroom with Backyard For Sale,1,3,2,64,97,0,Lapu-Lapu,4000000
Brand New House and Lot 4 bedrooms in South hills Subdivision,2,4,4,390,150,0,Cebu,19500000
"Beach House in Daanlungsod, Medellin, Cebu",,3,2,,247,,Medellin,8200000
Rush Sale: fully furnished beachside property in Amara Cebu,3,6,7,744,544,0,Liloan,45000000
"FOR SALE 2-storey Single Detached House and Lot (FURNISHED) in TALAMBAN, CEBU CI",2,4,2,80,130,0,Cebu,6000000
3 Storey House and Lot For Sale,,2,2,,65,0,Cebu,3500000
3 Bedroom Townhouse for Sale,1,3,2,69,49,0,Consolacion,2000000
RENT TO OWN 3Bedroom House and Lot in Talisay City Cebu,,3,3,88,99,0,Talisay,7000000
7 Bedroom Furnished House for Sale in Cebu,3,7,5,500,398,0,Consolacion,20000000
Furnished Two-Storey House with Big Lot Area at Talisay City Cebu,6,4,3,600,3951,0,Talisay,40000000
Affordable House and Lot for Sale in Cebu City,4,3,3,240,150,0,Cebu,8500000
Cebu House And Lot With Mansion for sale,,5,6,455,826,1,Cebu,165000000
"A Prime 3 bedroom Villa for Sale in Banawa, Cebu City",2,3,3,270,272,0,Cebu,26000000
Affordable House and Lot for Sale in Cebu City,2,3,2,140,170,0,Cebu,10000000
Semi-Furnished House at Ajoya For Sale,,4,2,,,0,Cordova,4000000
Beach house for sale,,4,5,805,1109,0,Carmen,25000000
House and Lot for Sale near Gaisano Capital SRP Cebu City,1,3,3,200,250,0,Cebu,4800000
"Modern Spanish house with sea view for sale in Corona del Mar, Talisay, Cebu",1,4,4,306,302,0,Talisay,18000000
"Villa Azalea 2-Storey Townhouse for Sale, Cebu",1,1,1,54,64,0,Liloan,1650000
Ready For Occupancy Single Attached House and Lot In Mandaue City!!!,2,4,3,123,121,0,Mandaue,8200000
"Beach Single House Detached 1-Storey | Argao, Cebu",,2,2,94,,0,Argao,7078000
5BR Modern House Furnish For Sale Sto Nino Banilad Cebu,2,5,6,260,549,1,Cebu,65000000
Maria Luisa House For Sale,4,5,5,1200,617,1,Cebu,90000000
House and Lot for sale in Pacific Heights,,4,2,300,150,0,Talisay,9000000
Single Detached House and Lot For Sale in Talisay City Cebu,2,3,2,92,100,0,Talisay,5231000
House + House and Lot for sale clean title Lapu Lapu City Cebu,,3,2,110,700,,Lapu-Lapu,13000000
RFO 5Br House and Lot For Sale in Mactan Tropics Lapu Lapu City Cebu,3,5,4,350,172,0,Lapu-Lapu,18000000
"5 bedroom house accessible to schools and hospitals in Banawa, Cebu City",,3,5,400,300,0,Cebu,22000000
"3 Bedroom House & Lot for Sale in Consolacion, Cebu",1,3,2,77,74,0,Consolacion,3400000
For Sale Luxury House and Lot with beautiful overlooking view!,4,7,6,800,600,0,Cebu,60000000
Furnished 4 bedrooms house and lot for sale in Banawa Cebu City,,4,3,117,68,0,Cebu,9000000
4BR Brand New & Fully Furnished Home For Sale in Molave Highlands,2,4,3,260,202,0,Consolacion,14500000
"Modern House with City view and Pool For Sale at Cebu City, Cebu",2,3,4,500,814,0,Cebu,100000000
Three Bedroom House For Sale in Talamban,,3,3,361,374,0,Cebu,35000000
"House and Lot For Sale at Cordova, Cebu",,3,2,63,62,0,Cordova,2705711
A 5-bedroom Home for Sale in Maryville,,3,5,450,438,0,Cebu,30000000
"3-BR House and Lot for Sale at Pacific Grand Villas, Lapu-Lapu City",,3,3,156,144,0,Lapu-Lapu,15000000
"House and Lot For Sale at Liloan, Cebu",2,3,3,150,170,0,Liloan,8000000
House and Lot for Sale in Modena Subdivision,,4,2,84,90,0,Lapu-Lapu,5600000
"Overlooking Brand New House With 5 Bedrooms And 2 Parking
",2,5,4,227,420,0,Talisay,14800000
House and Lot For Sale 4 Bedrooms,,4,3,190,204,0,Minglanilla,10000000
"House and lot Ready to move in Yati, Liloan, Cebu",,3,2,62,77,0,Liloan,4900000
"5 Bedrooms House and Lot For Sale in Vista Grande Talisay City Cebu
",2,5,4,254,170,0,Talisay,14000000
"Pacific Grand Villas Subdivision 2-Storey Regina Model for Sale, Cebu
",4,6,4,147,200,0,Lapu-Lapu,8500000
Ready for Occupancy House and Lot in LILOAN CEBU,,4,2,84,73,0,Liloan,5215000
Ready for Occupancy Townhouse in Maribago Lapu-Lapu City Cebu,,2,2,73,44,0,Lapu-Lapu,2520000
Single Attached House and Lot in Pajac Lapu-Lapu City,,4,2,108,117,0,Lapu-Lapu,5228440
"Panorama, Banawa Brand New Fully Furnished House For Sale",2,5,6,406,409,0,Cebu,35000000
House and Lot for Sale in Talisay Cebu (P4.6M Net of Taxes and Transfer Fees),,2,2,100,141,0,Talisay,4600000
Beautiful house furnished with nice amenities and sea breeze P28M Save P2M,2,6,6,410,328,1,Talisay,28000000
"3 storey over looking house for sale at Vista grande, Bulacao, Talisay, Cebu",,4,4,350,319,0,Talisay,18500000
3 Bedroom Townhouse located along SRP Road,1,3,3,120,64,0,Talisay,6000000
House for Sale - Good Location,,5,1,400,370,0,Talisay,12000000
Fully Fenced House & Lot with Carports near Casili Barangay Hall,2,4,3,400,300,0,Consolacion,7000000
Overlooking House and Lot with swimming pool for sale in Talamban Cebu City,6,5,4,400,300,1,Cebu,26000000
Brand New House In Cebu City,,3,3,160,119,0,Cebu,13151000
Semi Furnished 5 Bedroom with 2 Maid's Room House and Lot,2,7,7,350,244,1,Cebu,25000000
Land Size Exclusive/Luxury Fully Furnished House & Lot in 1st Class Subdivision.,2,6,4,270,300,1,Consolacion,22500000
"4BR House & Lot For Sale in Lapu-Lapu, Cebu",,4,4,360,462,1,Lapu-Lapu,48000000
7 Bedroom Family House in Cebu City for sale,,10,10,720,433,0,Cebu,23000000
2 Storey Single Attached for Sale,,3,2,132,100,0,Talisay,6898000
Beautiful Single House in Villas Magallanes Mactan,2,5,4,150,180,0,Lapu-Lapu,8500000
Furnished 4 bedrooms house and lot for sale in Banawa Cebu City,,4,3,117,68,0,Cebu,9000000
4 Bedrooms House and Lot For Sale in Looc Lapu Lapu City Cebu,2,4,3,173,144,0,Lapu-Lapu,8543145
Beautiful Peaceful Place in canduman,2,5,5,100,200,0,Cebu,7500000
"House and lot for sale in Cebu City, Ma. Luisa 4-level, 7-BR",4,7,6,600,778,0,Mandaue,60000000
5BR Brand new House and Lot for Sale in Maria Luisa Subdivision !,,5,5,1200,600,1,Cebu,90000000
Ready For Occupancy Single Attached House and Lot In Mandaue City!!!,2,4,3,123,121,0,Mandaue,8200000
5 Bedrooms House and Lot for Sale in Bankal Lapu Lapu City Cebu,4,5,5,260,450,0,Lapu-Lapu,14000000
Brand new smart home House and Lot For Sale in Mandaue City Cebu,2,4,4,265,192,0,Mandaue,17000000
Eastland Estate Ready for Occupancy House and Lot,2,4,3,166,315,0,Liloan,8750000
"6BR/4BATH Overlooking view, House and lot. 594sqm",2,6,4,594,594,0,Liloan,22000000
"House and Lot For Sale at Liloan, Cebu",2,3,3,150,170,0,Liloan,8000000
"Ready for occupancy house and lot in Liloan,Cebu",,4,2,71,100,1,Liloan,4298340
4 Bedroom House and Lot for Sale in Banilad Cebu City,2,4,3,250,400,1,Mandaue,28000000
"Beach house in Pinamungahan Cebu with lot area of 2,776sqm P19Million",2,5,5,400,2776,0,Toledo,19000000
3 Bedroom Single Detached Home in Banawa,3,3,2,125,187,0,Cebu,13000000
"4 bedrooms, 3 Toilet and baths and 1 carport for sale",,4,3,84,120,0,Lapu-Lapu,5500000
"Townhouse & Lot for Sale at Can-asujan, Carcar Cebu",,2,1,25,40,0, Carcar,1034000
"House & Lot in Botanika Residence Townhouse & Single detached for Sale
",2,3,2,200,200,0,Cebu,10800000
"Ready For Occupancy, Brand New, Modern House for Sale in Mandaue City, Cebu",,5,5,430,275,0,Mandaue,20000000
"3 Bedrooms Brand New House & Lot in Talamban
",,3,2,180,120,0,Cebu,8900000
Brand New House With 4 Bedrooms And 2 Parking In Maria Luisa,2,4,3,211.06,243,0,Mandaue,25500000
"For Sale House and Lot in Lahug - 2 units left
",2,3,2,122.27,103,0,Cebu,6000000
"A Masterpiece Indeed, house and lot for sale
",,4,4,600,1077,1,Cebu ,
4 Bedrooms Single Detached House And Lot,,4,3,132,188,0,Lapu-Lapu ,6998160
"Townhouse For Sale at Cebu, Cebu",3,3,2,200,241,0,Cebu,7000000
Spacious 4Br House and Lot For Sale in Banawa Cebu City,2,4,4,148,112,,Cebu,16344000
Lahug 2 storey 3 bedrooms house and lot near IT Park P7.9M lower price,5,3,2,100,199,0,Cebu,7900000
Beautiful and Overlooking 3 Bedroom House and Lot in Carcar,,3,3,442,283,0,Carcar,10500000
Ready For Occupancy Single Detached House and Lot For Sale Lapu Lapu City Cebu,2,4,4,160,150,0,Lapu-Lapu,8500000
"House for sale, Bayswater Subdivision Orchidia Model (Agus Road, Marigondon)",1,4,3,182,173,0,Lapu-Lapu,10260617
Spacious house for sale in Casuntingan Mandaue City Cebu,6,6,6,532,654,1,Mandaue,28000000
House & Lot for sale @ Futura Homes Mactan,1,1,1,32,88,0,Lapu-Lapu,1809500
Bria Homes Danao - Bettina Townhouse Select,,2,1,44,36,0,Danao,1519000
2-Storey House for Sale located in Labangon Cebu City,,1,3,2,204,0,Cebu,12000000
6BR Luxury House and Lot With Swimming pool For Sale in Lapu Lapu City Cebu,2,6,7,420,485,1,Lapu Lapu,30000000
Safe-Modern 4-Bedroom including Maid's Quarter Home 10 mins from SM Seaside,1,3,4,250,265,1,Cebu,15000000
3BR Ready For Occupancy House and Lot For Sale in Liloan Cebu,1,3,2,75,54,0,Cebu,3823389
"4 Bedroom Brand New House in Tayud, Liloan Cebu",,4,3,181,90,1,Cebu,6500000
"Beach Single House Detached 1-Storey | Argao, Cebu",,3,2,94,267,0,Argao,7078000
2 bedroom- Single detached houses and lot- overlooking Sea/ mountain views,,2,1,45,120,0,Compostela,4000000
"4 Bedroom with toilet and bath, 1 maids quarter with own bathroom",1,4,4,361,374,0,Cebu,35000000
Overlooking 5 Bedroom House for Sale in Maria Luisa Estate Park,6,5,5,550,739,0,Cebu,80000000
Modern House Pool 5BR for Sale Maria Luisa Banilad,4,4,5,530,450,0,Cebu,53000000
4BR Customize house for sale Marryville Talamban Cebu City,2,4,3,200,177,0,Cebu,15000000
"MSG-17-1798 Foreclosed property for Sale in Lapu-Lapu, Cebu",,,,81,109,0,Lapu Lapu,3120000
3 Bedrooms Brand New House & Lot in Talamban,,3,2,180,120,0,Cebu,8900000
"American Inspired Beachfront House, Esperanza, Poro",,3,2,137.02,1958,0,Cebu,12400000
Brand New 5 Bedroom House for Sale in Maria Luisa Park Phase 1,6,5,5,659,498,0,Cebu,78000000
"House for sale in Monte Carlo Subdivision, Vito, Minglanilla, Cebu",1,3,2,98,120,0,Cebu,5500000
For Sale 5 bedrooom Lombardy Single Detached House type in Guadalupe,4,5,4,500,332,0,Cebu,35000000
"House and Lot For Sale at Lapu-Lapu, Cebu in Modena Mactan",,4,2,84,107,0,Lapu Lapu,4141000
Brand New 4-BR Single Detached House For Sale in Cebu City,2,4,3,163,156,0,Cebu,14500000
Affordable Ready for Occupancy House & Lot for Big Families in Cebu City Phils.!,4,5,5,328,200.5,0,Cebu,17500000
Land Size 4 Bedroom Townhouse for sale in Guadalupe Cebu City,1,4,3,128,190,0,Cebu,7500000
For Sale Ready for Occupancy Brand-New 4 Bedroom House & Lot in Consolacion Cebu,,4,3,183.4,154,0,Consolacion,11800000
"House for sale, St. Francis Hills - Giovanni / 4BR (Single Detached)",1,4,3,95,142,0,Consolacion,5729760
Two Storey Single Detached House with 4 bedrooms,,4,3,93,135,0,Consolacion,6112500
3 Bedrooms Ready for occupancy house and lot for sale in Consolacion Cebu,1,3,3,83,82,0,Consolacion,5589157
5 bedrooms House and Lot For Sale in Guadalupe Cebu City,2,5,3,155,138,0,Cebu,12500000
Elegant 360 Overlooking House in Monterrazas De Cebu,1,6,6,756,370,1,Cebu,50000000
House and Lot for Sale in Salinas Dr. Ext. Lahug Cebu City,2,7,6,500,951,0,Cebu,50000000
House & Lot in Botanika Residence Townhouse & Single detached for Sale,2,3,2,200,200,0,Cebu,10800000
"House and Lot for Sale at Lapu-Lapu, Cebu in Modena Mactan",1,4,2,360,360,0,Cebu,5500000
"House for Sale in White Sands, Maribago Mactan, Cebu",1,5,4,500,316,,Lapu Lapu,16000000
Land Size house & lot 2 bedroom,,2,3,120,82,,Mandaue,4000000
FINISHED UNIT 2 BEDROOMS ACCESSIBLE TO 3RD BRIDGE,,2,1,54,40,1,Lapu-Lapu,2732000
3 bedrooms single attached house with 2 toilet and bath and 1 car garage,1,3,2,46,80,0,Toledo,1863857
Own a house in booming Carcar City where one of the Cebus promising location,1,2,1,36,42,0,Carcar,1350000
"House and Lot, 4 bedroom for sale",,4,3,87,51,0,Liloan,3071000
"House for Sale in Kishanta Talisay, Cebu (near SRP Sea View-Mountain Breeze)",,3,2,72,157,1,Talisay,4800000
"For Sale Ready for Occupancy, 4-Bedroom House & Lot in Tayud Consolacion Cebu",1,4,3,140,99,0,Consolacion,5000000
Elegant and Spacious 4 Bedroom Mactan House and Lot with Pool,1,4,4,171,420,1,Lapu-Lapu,13000000
Duplex furnished House and Lot For Sale,,3,2,80,80,0,Lapu-Lapu,4700000
Rent to Own 2 storey Duplex hse with 3 Bedrooms in Mactan P40K MONTHLY,1,3,2,73,85,0,Lapu-Lapu,8800000
House and Lot For Sale in San Remigio,1,2,2,250,307,0,San Remigio,3500000
For Sale overlooking Single Detached House & Lot,1,3,3,200,156,1,Talisay,13000000
Affordable Pre-owned House & Lot at Banilad Cebu City!,2,4,4,188,100,0,Cebu,7800000
Bungalow House For Sale at Greenhills Mandaue,1,6,6,532.44,654,1,Mandaue,28000000
"House and lot at the back of SM Consolacion, Cebu. only a few mins. to Mandaue",1,3,2,74,75,0,Consolacion,3190000
"Townhouse For Sale at Lapu-Lapu, Cebu in Villa Mamerta",1,3,3,90,35,0,Lapu-Lapu,1850000
House & Lot/Dormitory Business For Sale,1,14,6,240,240,0,Lapu-Lapu,6000000
Brand New Four Bedroom House and Lot For sale in Pacific Grand Villas,1,4,4,120,143,1,Lapu-Lapu,7500000
Affordable Ready for Occupancy Townhouse for Sale in Lapu-Lapu Cebu,,3,1,45,40,0,Lapu-Lapu,2032949
House and Lot in Lapu-lapu City - Single Detached,2,3,2,100,200,0,Lapu-Lapu,4300000
3Br House and Lot For Sale in Lapu Lapu City Cebu,2,3,2,91,66,0,Lapu-Lapu,3900000
"3 bedroom house and lot in pajac, lapulapu city for sale at 2.8m",1,3,2,140,162,0,Lapu-Lapu,2800000
"4 Bedrooms Fully Furnished House and Lot at Collinwood Subdivision, Lapu-lapu",2,4,2,84,177,0,Lapu-Lapu,5700000
3-bedroom Single Detached House and Lot in Danao City for sale,1,3,2,77,80,0,Danao,3111250
House and lot for sale in Talamban Classy Village,1,4,4,360,193,1,Talamban,12000000
Modern 4 Bedroom Duplex House 4 Sale,2,3,2,120,98,0,Mandaue,4800000
Townhouse for Sale at Holy Family Village 2,2,3,3,86,86,0,Cebu,10000000
"3-bedroom Twinhomes for sale at Park Place Babag 2, Lapu lapu City",1,3,2,70,80,0,Lapu-Lapu,2207000
2 Storey Single Detached with Balcony-Ready For Occupancy,2,4,3,120,180,1,Minglanilla,8876690
RFO 2 Storey Single Attached with 4 Bedrooms,1,4,2,108,117,1,Lapu-Lapu,5228440
"Ready for Occupancy, 2-Storey Single-Attached Unit- Beachfront Community in Naga",1,3,2,68,89,1,Naga,4970326
Arianna (2-Storey Townhouse Unit),0,2,1,43,35,0,Naga,2650000
4 Bedroom House & Lot,1,4,4,135,213,1,Consolacion,50000
Ready For Occupancy House at Minglanilla Tulay.,2,5,4,210,190,0,Minglanilla,8876690
3 bedroom townhouse for sale in calajoan minglanilla cebu,1,3,2,67,54,1,Minglanilla,3276000
Beachfront Community-Ready for Occupancy (RFO) unit 2-Storey Townhouse,0,2,1,43,35,1,Naga,2618157
"4 Bedrooms, 2 Storey House with 2 T&B, 1 Garage, Service Area",1,4,2,108,117,1,Lapu-Lapu,5228440
Lexie Duplex Model House at Eastland Eastate 11 For Sale!,1,3,2,63,73,0,Liloan,
2 bedrooms House and lot for Sale in Carcar Cebu,1,2,1,42,36,0,Carcar,1350000
Php23M Brandnew 5 Bedroom House Direct Sale from Owner Kishanta Subdivision,4,5,6,380,300,1,Talisay,23000000
3 beedroom for sale in tayud CONSOLACION cebu,0,3,3,93,135,1,Consolacion,7450500
2 bedroom townhouse with 2 carport garage,2,2,2,136,70,1,Cebu,8900000
Ready for Occupancy Row House For Sale,1,1,1,26,48,0,Balamban,619682
"Beautiful exclusive pocket subdivision in Poblacion, Lilo-An, Cebu",1,3,2,61,59,0,Cebu,4200000
"Two storey House and Lot for sale in tulay, minglanilla cebu",1,4,3,284,103,1,Minglanilla,5242410
1BEDROOM for sale in can-asujan carcar cebu at verry affordable price,1,1,1,25,35,1,Carcar,
Beautiful Corner Unit Duplex inside a pocket subdivision in Poblacion Lilo-an,1,4,2,114,72,1,Cebu,5500000
2bedroom 2 storey townhouse for sale in dapdap carcar cebu,1,2,2,36,42,1,Carcar,1350000
"Well Maintained Fully Furnish Home in Labangon, Cebu City",3,4,4,376,237,0,Cebu,28000000
